time,iqs,ids,torque,rpm,vqs,vds
0.0,9.560418,-1.7284207,-0.09451556,7.7176704,179.62924,0.0
0.001,15.5297165,-5.4379716,-0.39364314,0.7624044,179.62924,0.0
0.002,18.56462,-9.515688,-1.3096719,-7.486663,179.62924,0.0
0.003,19.493467,-13.073319,-3.04464,-4.1079683,179.62924,0.0
0.004,19.179148,-15.719223,-5.8986983,-4.635593,179.62924,0.0
0.0050000004,18.270216,-17.461275,-9.4468775,5.458721,179.62924,0.0
0.006,17.166576,-18.424234,-13.265131,0.59524345,179.62924,0.0
0.007,16.17486,-18.785484,-16.94122,-13.164275,179.62924,0.0
0.008,15.361135,-18.799915,-19.779451,-29.009588,179.62924,0.0
0.009000001,14.843402,-18.646822,-21.300844,-36.998344,179.62924,0.0
0.010000001,14.45581,-18.360195,-21.197632,-59.61586,179.62924,0.0
0.011000001,14.277959,-18.11241,-19.445904,-44.895096,179.62924,0.0
0.012,14.189868,-17.904158,-16.179186,-75.11015,179.62924,0.0
0.013,14.138868,-17.665411,-11.754606,-75.603264,179.62924,0.0
0.014,14.150162,-17.432306,-7.0282426,-80.4538,179.62924,0.0
0.015000001,14.235903,-17.21638,-2.4943168,-89.563774,179.62924,0.0
0.016,14.352179,-17.044275,1.0285923,-80.16773,179.62924,0.0
0.017,14.585201,-16.929125,3.0702748,-83.60985,179.62924,0.0
0.018000001,14.822768,-16.850525,3.3293586,-76.39011,179.62924,0.0
0.019000001,15.067966,-16.907003,1.8999641,-85.48045,179.62924,0.0
0.020000001,15.337281,-17.04018,-1.0577432,-81.05049,179.62924,0.0
0.021000002,15.448535,-17.277767,-5.216461,-98.17694,179.62924,0.0
0.022000002,15.513415,-17.510332,-9.787296,-100.26783,179.62924,0.0
0.023000002,15.497509,-17.786467,-14.191696,-89.77293,179.62924,0.0
0.024,15.424674,-18.05824,-17.686243,-104.358185,179.62924,0.0
0.025,15.216177,-18.24412,-19.855328,-104.387184,179.62924,0.0
0.026,14.997211,-18.403887,-20.337868,-116.185486,179.62924,0.0
0.027,14.72178,-18.455254,-19.042475,-129.36069,179.62924,0.0
0.028,14.397502,-18.418743,-16.230318,-140.77657,179.62924,0.0
0.029000001,14.139681,-18.264366,-12.177007,-135.84398,179.62924,0.0
0.030000001,13.950157,-18.005726,-7.646444,-156.10974,179.62924,0.0
0.031000001,13.862397,-17.684292,-3.3498662,-159.99242,179.62924,0.0
0.032,13.958276,-17.327127,0.1061927,-140.8918,179.62924,0.0
0.033,14.155944,-17.00492,2.1601944,-142.70961,179.62924,0.0
0.034,14.493488,-16.81757,2.5600338,-152.28874,179.62924,0.0
0.035,14.8972435,-16.786404,1.1937814,-160.90907,179.62924,0.0
0.036000002,15.277345,-16.850813,-1.6211084,-162.51372,179.62924,0.0
0.037,15.574805,-17.1324,-5.544992,-151.12454,179.62924,0.0
0.038000003,15.800604,-17.47626,-9.873405,-155.69037,179.62924,0.0
0.039,15.860251,-17.879929,-13.985834,-155.9433,179.62924,0.0
0.040000003,15.754111,-18.286068,-17.223703,-177.10242,179.62924,0.0
0.041,15.525949,-18.656067,-19.07032,-180.74834,179.62924,0.0
0.042000003,15.1880865,-18.882647,-19.25537,-190.74225,179.62924,0.0
0.043,14.751196,-19.001104,-17.87581,-197.85793,179.62924,0.0
0.044000003,14.31852,-18.971722,-14.918738,-212.5068,179.62924,0.0
0.045,13.908653,-18.712103,-10.992271,-200.73148,179.62924,0.0
0.046000004,13.640534,-18.336624,-6.7353888,-219.50764,179.62924,0.0
0.047000002,13.537672,-17.901358,-2.8138585,-213.82278,179.62924,0.0
0.048,13.658319,-17.38171,0.078409806,-220.24393,179.62924,0.0
0.049000002,13.946085,-16.998283,1.5851461,-225.87634,179.62924,0.0
0.05,14.389589,-16.73453,1.3907638,-228.75218,179.62924,0.0
0.051000003,14.916852,-16.674772,-0.2598244,-218.52614,179.62924,0.0
0.052,15.390133,-16.845594,-3.3873088,-211.4554,179.62924,0.0
0.053000003,15.804573,-17.142359,-7.1426916,-231.0939,179.62924,0.0
0.054,16.019232,-17.62999,-11.184341,-229.63942,179.62924,0.0
0.055000003,16.063604,-18.165915,-14.683279,-237.94194,179.62924,0.0
0.056,15.927581,-18.666578,-17.162895,-248.54465,179.62924,0.0
0.057000004,15.581138,-19.11087,-18.254265,-259.23776,179.62924,0.0
0.058000002,15.154221,-19.371264,-17.698446,-269.08972,179.62924,0.0
0.059000004,14.569076,-19.425964,-15.689363,-264.32767,179.62924,0.0
0.060000002,14.0281,-19.293652,-12.450064,-290.69485,179.62924,0.0
0.061000004,13.557751,-18.940605,-8.604154,-281.28497,179.62924,0.0
0.062000003,13.331064,-18.427418,-4.756013,-280.9417,179.62924,0.0
0.063,13.330109,-17.821144,-1.6234366,-293.63327,179.62924,0.0
0.064,13.528723,-17.285528,0.34622476,-275.61914,179.62924,0.0
0.065000005,14.016619,-16.875757,0.8731433,-291.33148,179.62924,0.0
0.066,14.556604,-16.68084,-0.2169005,-292.98883,179.62924,0.0
0.067,15.167104,-16.719456,-2.6565518,-280.38773,179.62924,0.0
0.068,15.705702,-17.034412,-6.009875,-284.99512,179.62924,0.0
0.069000006,16.079937,-17.502548,-9.629912,-292.79953,179.62924,0.0
0.07,16.233229,-18.081575,-13.07499,-295.68442,179.62924,0.0
0.071,16.11805,-18.666481,-15.67688,-307.27872,179.62924,0.0
0.072000004,15.8284,-19.254124,-16.94945,-328.1927,179.62924,0.0
0.07300001,15.327279,-19.608946,-16.776155,-316.56854,179.62924,0.0
0.074,14.7409525,-19.74644,-15.223783,-319.11646,179.62924,0.0
0.075,14.080084,-19.655933,-12.419611,-334.70804,179.62924,0.0
0.076000005,13.595375,-19.299957,-9.003712,-351.40613,179.62924,0.0
0.07700001,13.267899,-18.76052,-5.4662595,-338.84323,179.62924,0.0
0.078,13.182086,-18.138899,-2.5035887,-358.78036,179.62924,0.0
0.079,13.39699,-17.541946,-0.59240055,-350.2225,179.62924,0.0
0.080000006,13.816784,-17.048853,0.03665676,-340.9831,179.62924,0.0
0.081,14.416161,-16.75629,-0.88832533,-358.9152,179.62924,0.0
0.082,15.033036,-16.797953,-2.9271917,-360.72644,179.62924,0.0
0.083000004,15.63712,-17.049217,-5.9222436,-349.13348,179.62924,0.0
0.08400001,16.0637,-17.535126,-9.192971,-359.73605,179.62924,0.0
0.085,16.261366,-18.174807,-12.343237,-365.9834,179.62924,0.0
0.086,16.236422,-18.840078,-14.5561495,-366.91782,179.62924,0.0
0.087000005,15.909992,-19.427765,-15.697793,-355.64502,179.62924,0.0
0.08800001,15.36932,-19.814869,-15.575476,-384.1215,179.62924,0.0
0.089,14.728013,-19.994902,-14.0289545,-385.21362,179.62924,0.0
0.09,14.075341,-19.850603,-11.456213,-398.00967,179.62924,0.0
0.091000006,13.516961,-19.477818,-8.321916,-417.22238,179.62924,0.0
0.09200001,13.174939,-18.911964,-5.341856,-407.1724,179.62924,0.0
0.093,13.132053,-18.249773,-2.7349243,-411.08417,179.62924,0.0
0.094000004,13.352804,-17.639574,-1.1994419,-408.96964,179.62924,0.0
0.095000006,13.796921,-17.132704,-0.9088466,-403.57858,179.62924,0.0
0.096,14.410172,-16.923471,-1.9097219,-405.66278,179.62924,0.0
0.097,15.103622,-16.938612,-3.923619,-420.28867,179.62924,0.0
0.098000005,15.688645,-17.246582,-6.643636,-425.0967,179.62924,0.0
0.09900001,16.100183,-17.791113,-9.491325,-413.3772,179.62924,0.0
0.1,16.251616,-18.416803,-12.079031,-438.6015,179.62924,0.0
0.101,16.141218,-19.075172,-13.851794,-437.77036,179.62924,0.0
0.102000006,15.756439,-19.650545,-14.503914,-437.6216,179.62924,0.0
0.10300001,15.193105,-19.983006,-13.912418,-445.74332,179.62924,0.0
0.104,14.536908,-20.062561,-12.295932,-468.83948,179.62924,0.0
0.105000004,13.936874,-19.87421,-9.828357,-462.92072,179.62924,0.0
0.106000006,13.419893,-19.441755,-7.090577,-465.26688,179.62924,0.0
0.10700001,13.178152,-18.841036,-4.5795574,-466.80826,179.62924,0.0
0.108,13.229762,-18.187935,-2.7321587,-477.54153,179.62924,0.0
0.109000005,13.520714,-17.605547,-1.7286983,-453.43494,179.62924,0.0
0.11000001,14.038457,-17.219563,-1.9819825,-476.79608,179.62924,0.0
0.11100001,14.633403,-17.090738,-3.2999651,-458.22464,179.62924,0.0
0.112,15.301914,-17.228645,-5.3059206,-480.0216,179.62924,0.0
0.113000005,15.810217,-17.625454,-7.77783,-471.9716,179.62924,0.0
0.11400001,16.088093,-18.20342,-10.223488,-480.70853,179.62924,0.0
0.115,16.145432,-18.824144,-12.086832,-470.3367,179.62924,0.0
0.116000004,15.909838,-19.4309,-13.117993,-489.62915,179.62924,0.0
0.117000006,15.423589,-19.882542,-13.076436,-504.6934,179.62924,0.0
0.11800001,14.824742,-20.102057,-11.9840765,-491.13443,179.62924,0.0
0.119,14.189351,-20.0188,-10.242347,-514.33777,179.62924,0.0
0.120000005,13.679444,-19.717194,-7.9851947,-518.631,179.62924,0.0
0.12100001,13.311963,-19.200151,-5.7081103,-526.2314,179.62924,0.0
0.12200001,13.249222,-18.588676,-3.7898095,-541.8033,179.62924,0.0
0.123,13.443311,-18.005547,-2.8132653,-527.3187,179.62924,0.0
0.124000005,13.879611,-17.573303,-2.5771039,-538.48346,179.62924,0.0
0.125,14.39627,-17.338486,-3.3992767,-531.9951,179.62924,0.0
0.126,15.01323,-17.374842,-4.935055,-541.71045,179.62924,0.0
0.127,15.520871,-17.671946,-6.9385734,-524.5606,179.62924,0.0
0.128,15.862974,-18.159334,-9.01076,-532.07465,179.62924,0.0
0.12900001,16.01224,-18.734203,-10.685499,-541.5846,179.62924,0.0
0.13000001,15.8439455,-19.306948,-11.734349,-536.9621,179.62924,0.0
0.13100001,15.482711,-19.786947,-11.990841,-555.5042,179.62924,0.0
0.132,14.966485,-20.031736,-11.259457,-559.427,179.62924,0.0
0.133,14.382089,-20.066694,-9.902761,-566.9745,179.62924,0.0
0.134,13.87566,-19.820112,-8.00629,-559.3688,179.62924,0.0
0.135,13.487912,-19.388311,-6.148013,-576.7635,179.62924,0.0
0.136,13.394456,-18.811483,-4.543686,-572.7206,179.62924,0.0
0.13700001,13.487019,-18.317755,-3.5448747,-582.0952,179.62924,0.0
0.13800001,13.823853,-17.885893,-3.3319721,-582.6611,179.62924,0.0
0.13900001,14.316276,-17.620106,-3.9448025,-591.9573,179.62924,0.0
0.14,14.871087,-17.668003,-5.0782137,-584.6129,179.62924,0.0
0.141,15.333101,-17.849215,-6.7215266,-570.8982,179.62924,0.0
0.142,15.676382,-18.268217,-8.359944,-590.2229,179.62924,0.0
0.143,15.768883,-18.82172,-9.828496,-602.2262,179.62924,0.0
0.14400001,15.689107,-19.324135,-10.684008,-596.74725,179.62924,0.0
0.14500001,15.370325,-19.728634,-10.849822,-605.294,179.62924,0.0
0.14600001,14.9256735,-19.976835,-10.3437195,-606.4956,179.62924,0.0
0.147,14.421569,-19.976742,-9.200169,-608.053,179.62924,0.0
0.148,13.958332,-19.77229,-7.7200456,-621.3964,179.62924,0.0
0.149,13.655476,-19.410185,-6.1966496,-623.79193,179.62924,0.0
0.15,13.513887,-18.929003,-4.9015384,-626.6063,179.62924,0.0
0.15100001,13.650925,-18.478199,-4.1036525,-625.2371,179.62924,0.0
0.15200001,13.935466,-18.098547,-4.0451627,-637.46216,179.62924,0.0
0.15300001,14.366531,-17.916363,-4.5308547,-630.73724,179.62924,0.0
0.15400001,14.816426,-17.939503,-5.5517116,-637.95685,179.62924,0.0
0.155,15.25302,-18.131315,-6.831394,-630.4195,179.62924,0.0
0.156,15.5096245,-18.500677,-8.156928,-644.8744,179.62924,0.0
0.157,15.600615,-18.963568,-9.19518,-654.88574,179.62924,0.0
0.158,15.48661,-19.388462,-9.811892,-655.02893,179.62924,0.0
0.15900001,15.170155,-19.712519,-9.835838,-643.4235,179.62924,0.0
0.16000001,14.795921,-19.909868,-9.325546,-664.9118,179.62924,0.0
0.16100001,14.3488655,-19.915115,-8.359079,-668.13745,179.62924,0.0
0.162,13.996757,-19.662579,-7.1751633,-671.0268,179.62924,0.0
0.163,13.762481,-19.352425,-6.0412884,-678.4817,179.62924,0.0
0.164,13.715537,-18.985424,-5.0507507,-673.6744,179.62924,0.0
0.165,13.82576,-18.593824,-4.6326566,-679.7039,179.62924,0.0
0.16600001,14.114617,-18.32501,-4.6841683,-685.9643,179.62924,0.0
0.16700001,14.468541,-18.199274,-5.2050896,-678.6786,179.62924,0.0
0.16800001,14.837817,-18.265491,-6.045645,-680.1534,179.62924,0.0
0.16900001,15.170187,-18.45261,-7.077343,-700.0402,179.62924,0.0
0.17,15.36089,-18.81104,-8.084496,-696.6597,179.62924,0.0
0.171,15.362043,-19.131308,-8.75935,-679.64575,179.62924,0.0
0.172,15.239691,-19.506136,-9.070349,-704.05475,179.62924,0.0
0.17300001,14.951828,-19.737759,-8.93693,-702.3604,179.62924,0.0
0.17400001,14.638631,-19.826773,-8.399579,-716.48676,179.62924,0.0
0.17500001,14.288313,-19.73629,-7.5773144,-719.7896,179.62924,0.0
0.17600001,14.042723,-19.55286,-6.656273,-715.5577,179.62924,0.0
0.177,13.886353,-19.219988,-5.8572516,-728.25354,179.62924,0.0
0.178,13.896167,-18.951784,-5.274805,-717.4666,179.62924,0.0
0.179,14.039481,-18.65028,-5.062178,-729.27985,179.62924,0.0
0.18,14.29443,-18.498112,-5.2082186,-723.3034,179.62924,0.0
0.18100001,14.636783,-18.480875,-5.7808046,-729.9946,179.62924,0.0
0.18200001,14.879414,-18.54569,-6.5249524,-727.94507,179.62924,0.0
0.18300001,15.078125,-18.796612,-7.22555,-743.3274,179.62924,0.0
0.18400002,15.178512,-19.07274,-7.9659476,-736.48047,179.62924,0.0
0.185,15.173709,-19.37694,-8.319369,-754.0922,179.62924,0.0
0.186,14.952186,-19.606506,-8.414058,-753.7237,179.62924,0.0
0.187,14.723836,-19.737604,-8.140826,-742.10583,179.62924,0.0
0.18800001,14.441807,-19.704273,-7.55847,-743.88544,179.62924,0.0
0.18900001,14.206698,-19.650074,-6.896161,-756.7202,179.62924,0.0
0.19000001,14.047552,-19.412401,-6.2981315,-777.4773,179.62924,0.0
0.19100001,13.997347,-19.190908,-5.8538637,-780.4878,179.62924,0.0
0.192,14.089027,-18.933977,-5.547776,-774.9651,179.62924,0.0
0.193,14.267113,-18.784712,-5.508672,-777.1918,179.62924,0.0
0.194,14.477953,-18.708895,-5.8405204,-779.7154,179.62924,0.0
0.19500001,14.7139845,-18.748224,-6.348297,-785.60754,179.62924,0.0
0.19600001,14.909367,-18.899014,-6.856635,-783.2631,179.62924,0.0
0.19700001,14.997484,-19.093884,-7.3979816,-798.66705,179.62924,0.0
0.19800001,15.012714,-19.311054,-7.7228246,-798.23236,179.62924,0.0
0.19900002,14.905244,-19.515331,-7.817682,-795.4743,179.62924,0.0
0.2,14.713759,-19.668535,-7.7135005,-792.65344,179.62924,0.0
0.201,14.522918,-19.686218,-7.3352175,-793.9317,179.62924,0.0
0.202,14.338217,-19.611115,-6.9222455,-808.7707,179.62924,0.0
0.20300001,14.196462,-19.507013,-6.4071302,-810.7359,179.62924,0.0
0.20400001,14.143473,-19.322075,-6.098262,-809.1259,179.62924,0.0
0.20500001,14.156373,-19.130888,-5.7795987,-818.9726,179.62924,0.0
0.20600002,14.277907,-18.988316,-5.810267,-817.52484,179.62924,0.0
0.20700002,14.442965,-18.926092,-5.950579,-826.0887,179.62924,0.0
0.208,14.609386,-18.935274,-6.304128,-814.2605,179.62924,0.0
0.209,14.75978,-19.033016,-6.6951165,-826.5938,179.62924,0.0
0.21000001,14.871116,-19.17366,-7.0856843,-830.57477,179.62924,0.0
0.21100001,14.872871,-19.319117,-7.293831,-839.48224,179.62924,0.0
0.21200001,14.799094,-19.49513,-7.4034,-817.55646,179.62924,0.0
0.21300001,14.675932,-19.606419,-7.3671803,-856.1393,179.62924,0.0
0.21400002,14.516323,-19.648115,-7.1077046,-853.5002,179.62924,0.0
0.215,14.409724,-19.615162,-6.7816954,-851.42584,179.62924,0.0
0.216,14.2585,-19.528044,-6.463297,-852.92633,179.62924,0.0
0.21700001,14.233566,-19.399399,-6.161282,-855.0507,179.62924,0.0
0.21800001,14.242916,-19.260149,-6.0811825,-862.53186,179.62924,0.0
0.21900001,14.326167,-19.139,-6.0162396,-855.2036,179.62924,0.0
0.22000001,14.453004,-19.09949,-6.1073866,-870.6248,179.62924,0.0
0.22100002,14.56662,-19.102495,-6.320423,-880.5565,179.62924,0.0
0.22200002,14.666646,-19.193346,-6.5573764,-870.6591,179.62924,0.0
0.223,14.73799,-19.293005,-6.84322,-873.74994,179.62924,0.0
0.224,14.739019,-19.41728,-6.9945116,-885.3156,179.62924,0.0
0.22500001,14.685014,-19.5052,-7.086903,-880.05396,179.62924,0.0
0.22600001,14.608543,-19.59875,-7.0311613,-874.2396,179.62924,0.0
0.22700001,14.503364,-19.615627,-6.8560624,-889.10077,179.62924,0.0
0.22800002,14.398729,-19.57244,-6.660991,-892.46277,179.62924,0.0
0.22900002,14.315781,-19.530079,-6.448474,-900.77216,179.62924,0.0
0.23,14.297785,-19.443998,-6.2651896,-892.68945,179.62924,0.0
0.231,14.3101425,-19.349262,-6.1141267,-910.37885,179.62924,0.0
0.23200001,14.370904,-19.281584,-6.127369,-899.6597,179.62924,0.0
0.23300001,14.436939,-19.257595,-6.1421556,-912.03186,179.62924,0.0
0.23400001,14.524965,-19.248228,-6.32089,-897.3864,179.62924,0.0
0.23500001,14.589174,-19.299957,-6.497841,-913.85376,179.62924,0.0
0.23600002,14.639361,-19.392683,-6.6946864,-923.77045,179.62924,0.0
0.23700002,14.659302,-19.470852,-6.7599626,-921.3789,179.62924,0.0
0.238,14.633274,-19.537655,-6.845407,-931.3596,179.62924,0.0
0.23900001,14.551272,-19.605833,-6.792944,-938.61725,179.62924,0.0
0.24000001,14.480953,-19.58306,-6.6695914,-927.4862,179.62924,0.0
0.24100001,14.414751,-19.582209,-6.4639583,-929.5626,179.62924,0.0
0.24200001,14.37571,-19.540668,-6.3559012,-948.0919,179.62924,0.0
0.24300002,14.364315,-19.49813,-6.2717667,-948.38464,179.62924,0.0
0.24400002,14.377995,-19.402208,-6.1713576,-941.8651,179.62924,0.0
0.245,14.424908,-19.366627,-6.1992455,-949.0951,179.62924,0.0
0.246,14.450272,-19.361921,-6.264987,-944.8112,179.62924,0.0
0.24700001,14.515306,-19.421309,-6.356113,-949.37933,179.62924,0.0
0.24800001,14.546138,-19.42985,-6.5083084,-965.68335,179.62924,0.0
0.24900001,14.596381,-19.491524,-6.572505,-963.5743,179.62924,0.0
0.25,14.55752,-19.553577,-6.640781,-967.4602,179.62924,0.0
0.25100002,14.532775,-19.60811,-6.596974,-971.6914,179.62924,0.0
0.252,14.477974,-19.619293,-6.5441947,-973.6348,179.62924,0.0
0.25300002,14.443303,-19.637753,-6.4788666,-978.4726,179.62924,0.0
0.254,14.4114065,-19.600355,-6.3457537,-993.2074,179.62924,0.0
0.25500003,14.383213,-19.591896,-6.318448,-976.2463,179.62924,0.0
0.256,14.361679,-19.515224,-6.214254,-986.1029,179.62924,0.0
0.257,14.398052,-19.50836,-6.2273164,-988.52966,179.62924,0.0
0.25800002,14.428936,-19.482569,-6.2042203,-1001.71545,179.62924,0.0
0.259,14.471166,-19.467539,-6.2796407,-997.1971,179.62924,0.0
0.26000002,14.490119,-19.500748,-6.3287334,-988.6839,179.62924,0.0
0.261,14.511838,-19.55216,-6.400438,-1009.71857,179.62924,0.0
0.26200002,14.52309,-19.58168,-6.474222,-1010.7213,179.62924,0.0
0.263,14.511343,-19.629784,-6.4640226,-1011.9014,179.62924,0.0
0.264,14.486657,-19.638935,-6.46073,-1028.7192,179.62924,0.0
0.26500002,14.445976,-19.632013,-6.37124,-1012.666,179.62924,0.0
0.266,14.414018,-19.654621,-6.310226,-1019.8,179.62924,0.0
0.26700002,14.429606,-19.634092,-6.327069,-1020.4724,179.62924,0.0
0.268,14.407572,-19.623486,-6.211529,-1019.4415,179.62924,0.0
0.26900002,14.428766,-19.615643,-6.1721396,-1024.7292,179.62924,0.0
0.27,14.412419,-19.578924,-6.2148914,-1032.5817,179.62924,0.0
0.27100003,14.4337845,-19.579287,-6.1997876,-1028.4564,179.62924,0.0
0.272,14.454641,-19.577852,-6.2502313,-1038.7585,179.62924,0.0
0.273,14.458097,-19.618408,-6.2784314,-1046.858,179.62924,0.0
0.27400002,14.476633,-19.596552,-6.31109,-1040.3301,179.62924,0.0
0.275,14.484506,-19.652151,-6.335469,-1048.2814,179.62924,0.0
0.27600002,14.452505,-19.65911,-6.295383,-1053.8379,179.62924,0.0
0.277,14.454555,-19.681318,-6.311536,-1048.4155,179.62924,0.0
0.27800003,14.41129,-19.695177,-6.322888,-1054.4131,179.62924,0.0
0.279,14.394012,-19.666395,-6.24906,-1063.271,179.62924,0.0
0.28,14.424701,-19.654352,-6.189527,-1061.1077,179.62924,0.0
0.28100002,14.397893,-19.68655,-6.2148614,-1058.3387,179.62924,0.0
0.282,14.410973,-19.658573,-6.1446424,-1059.2839,179.62924,0.0
0.28300002,14.43066,-19.64061,-6.191174,-1070.7485,179.62924,0.0
0.284,14.430693,-19.625303,-6.1506505,-1079.4734,179.62924,0.0
0.28500003,14.448982,-19.644037,-6.182543,-1083.2036,179.62924,0.0
0.286,14.436478,-19.68816,-6.2373652,-1075.6404,179.62924,0.0
0.287,14.425381,-19.717947,-6.2102237,-1082.4673,179.62924,0.0
0.28800002,14.422223,-19.749727,-6.25743,-1086.4801,179.62924,0.0
0.289,14.42405,-19.727533,-6.2280216,-1095.6082,179.62924,0.0
0.29000002,14.408011,-19.731194,-6.2196507,-1099.5936,179.62924,0.0
0.291,14.381757,-19.744585,-6.1751637,-1098.1315,179.62924,0.0
0.29200003,14.414481,-19.746424,-6.175914,-1101.4767,179.62924,0.0
0.293,14.388096,-19.720484,-6.150439,-1108.3381,179.62924,0.0
0.294,14.385955,-19.719212,-6.155753,-1097.6035,179.62924,0.0
0.29500002,14.402594,-19.703203,-6.0848074,-1099.9631,179.62924,0.0
0.296,14.401269,-19.73324,-6.15214,-1114.7875,179.62924,0.0
0.29700002,14.418792,-19.740326,-6.1490717,-1112.5695,179.62924,0.0
0.298,14.415977,-19.745708,-6.1431627,-1112.4991,179.62924,0.0
0.29900002,14.39263,-19.754568,-6.168327,-1124.4427,179.62924,0.0
0.3,14.430343,-19.734304,-6.1547647,-1126.904,179.62924,0.0
0.30100003,14.390756,-19.766787,-6.1357055,-1132.4857,179.62924,0.0
0.30200002,14.399218,-19.7832,-6.1155505,-1143.5187,179.62924,0.0
0.303,14.426644,-19.779182,-6.1389995,-1132.2081,179.62924,0.0
0.30400002,14.397005,-19.773384,-6.061693,-1130.6194,179.62924,0.0
0.305,14.419015,-19.801031,-6.0754323,-1138.2982,179.62924,0.0
0.30600002,14.397114,-19.776402,-6.0767365,-1133.6846,179.62924,0.0
0.307,14.402986,-19.778263,-6.0638614,-1137.815,179.62924,0.0
0.30800003,14.383608,-19.777267,-6.0380163,-1130.5454,179.62924,0.0
0.30900002,14.39595,-19.778349,-6.0739546,-1148.7875,179.62924,0.0
0.31,14.410375,-19.79284,-6.077186,-1151.4424,179.62924,0.0
0.31100002,14.390768,-19.7903,-6.0237966,-1154.957,179.62924,0.0
0.312,14.421672,-19.80298,-6.102324,-1146.753,179.62924,0.0
0.31300002,14.398468,-19.80737,-6.029498,-1176.2302,179.62924,0.0
0.314,14.4146805,-19.816755,-6.1065335,-1161.597,179.62924,0.0
0.31500003,14.394296,-19.82636,-6.021367,-1159.6846,179.62924,0.0
0.316,14.377016,-19.83067,-6.1393046,-1176.7987,179.62924,0.0
0.317,14.358645,-19.850857,-6.0484858,-1180.2935,179.62924,0.0
0.31800002,14.392605,-19.828047,-6.0552683,-1182.5574,179.62924,0.0
0.319,14.383543,-19.81656,-5.9880357,-1183.5813,179.62924,0.0
0.32000002,14.3708,-19.831068,-5.969092,-1190.3738,179.62924,0.0
0.321,14.405181,-19.859432,-6.0035005,-1192.9573,179.62924,0.0
0.32200003,14.374089,-19.863537,-5.9867363,-1187.1858,179.62924,0.0
0.323,14.353818,-19.84862,-6.035985,-1203.4379,179.62924,0.0
0.324,14.378699,-19.840761,-6.0082355,-1185.2451,179.62924,0.0
0.32500002,14.383464,-19.862354,-6.0632615,-1200.9768,179.62924,0.0
0.326,14.373541,-19.86921,-6.0040393,-1210.658,179.62924,0.0
0.32700002,14.360944,-19.859638,-5.9606724,-1219.2108,179.62924,0.0
0.328,14.358412,-19.870253,-6.066099,-1204.4727,179.62924,0.0
0.32900003,14.376384,-19.885618,-6.00607,-1216.2065,179.62924,0.0
0.33,14.365519,-19.893152,-6.017279,-1214.8645,179.62924,0.0
0.33100003,14.366592,-19.896723,-5.9426746,-1212.3702,179.62924,0.0
0.33200002,14.380333,-19.917702,-5.9559927,-1225.5837,179.62924,0.0
0.333,14.366318,-19.911716,-5.9485097,-1222.8751,179.62924,0.0
0.33400002,14.377182,-19.87368,-6.014279,-1219.6517,179.62924,0.0
0.335,14.341486,-19.893541,-5.957862,-1211.4781,179.62924,0.0
0.33600003,14.377271,-19.897602,-5.975829,-1243.9565,179.62924,0.0
0.337,14.372806,-19.90059,-5.881199,-1240.4254,179.62924,0.0
0.33800003,14.373057,-19.910463,-5.992735,-1231.8014,179.62924,0.0
0.33900002,14.360581,-19.903921,-5.9066257,-1239.248,179.62924,0.0
0.34,14.342018,-19.910368,-5.974717,-1241.1538,179.62924,0.0
0.34100002,14.327848,-19.90253,-5.8935676,-1238.6061,179.62924,0.0
0.342,14.351012,-19.93394,-5.9674006,-1248.2488,179.62924,0.0
0.34300002,14.351145,-19.916567,-5.952252,-1246.7743,179.62924,0.0
0.344,14.353934,-19.95037,-5.9033437,-1260.6306,179.62924,0.0
0.34500003,14.354934,-19.949593,-5.938261,-1267.2821,179.62924,0.0
0.34600002,14.341106,-19.927841,-5.8832674,-1269.535,179.62924,0.0
0.347,14.348371,-19.930832,-5.9189506,-1266.3583,179.62924,0.0
0.34800002,14.364471,-19.944214,-5.9005866,-1266.4526,179.62924,0.0
0.349,14.309384,-19.966377,-5.8938026,-1270.8031,179.62924,0.0
0.35000002,14.332061,-19.984598,-5.890766,-1278.2681,179.62924,0.0
0.351,14.329177,-19.961342,-5.869459,-1277.1519,179.62924,0.0
0.35200003,14.323612,-19.957806,-5.8402042,-1268.6678,179.62924,0.0
0.35300002,14.350155,-19.989712,-5.865495,-1280.9688,179.62924,0.0
0.354,14.345889,-19.97029,-5.914566,-1281.9924,179.62924,0.0
0.35500002,14.322837,-19.959806,-5.882894,-1298.8761,179.62924,0.0
0.356,14.336854,-19.970049,-5.827685,-1290.8607,179.62924,0.0
0.35700002,14.337717,-19.98878,-5.898798,-1295.1215,179.62924,0.0
0.358,14.340873,-19.973715,-5.8490906,-1308.7396,179.62924,0.0
0.35900003,14.309406,-20.003035,-5.902628,-1307.2733,179.62924,0.0
0.36,14.314055,-19.979416,-5.8900476,-1305.9454,179.62924,0.0
0.36100003,14.313667,-20.018286,-5.9007735,-1314.8174,179.62924,0.0
0.36200002,14.335903,-20.010927,-5.8497896,-1317.8054,179.62924,0.0
0.363,14.349315,-20.010246,-5.8457375,-1311.6283,179.62924,0.0
0.36400002,14.324362,-19.997404,-5.826889,-1319.7378,179.62924,0.0
0.365,14.309425,-20.007925,-5.847421,-1323.2284,179.62924,0.0
0.36600003,14.32642,-20.008091,-5.8354025,-1316.1879,179.62924,0.0
0.367,14.322479,-20.036644,-5.835437,-1329.8107,179.62924,0.0
0.36800003,14.357993,-20.013344,-5.7609673,-1333.7184,179.62924,0.0
0.36900002,14.320798,-20.022078,-5.867851,-1331.7671,179.62924,0.0
0.37,14.334729,-20.058762,-5.8125973,-1347.963,179.62924,0.0
0.37100002,14.336401,-20.024977,-5.9006124,-1329.3857,179.62924,0.0
0.372,14.314071,-20.03851,-5.792039,-1345.8917,179.62924,0.0
0.37300003,14.320187,-20.030634,-5.736513,-1356.7847,179.62924,0.0
0.374,14.310367,-20.04016,-5.783574,-1344.2899,179.62924,0.0
0.37500003,14.314965,-20.065063,-5.7424,-1361.0876,179.62924,0.0
0.37600002,14.320366,-20.045198,-5.8227,-1357.6819,179.62924,0.0
0.377,14.310618,-20.051489,-5.741722,-1355.5607,179.62924,0.0
0.37800002,14.3115635,-20.049185,-5.7822595,-1366.4286,179.62924,0.0
0.379,14.3352165,-20.083,-5.76723,-1373.3057,179.62924,0.0
0.38000003,14.3126335,-20.081593,-5.7848587,-1366.4713,179.62924,0.0
0.381,14.324547,-20.06804,-5.7920446,-1365.5688,179.62924,0.0
0.38200003,14.315999,-20.075176,-5.7580247,-1386.407,179.62924,0.0
0.38300002,14.302642,-20.08824,-5.7561965,-1385.1444,179.62924,0.0
0.384,14.32753,-20.100012,-5.776042,-1379.6985,179.62924,0.0
0.38500002,14.272409,-20.068413,-5.767865,-1383.9359,179.62924,0.0
0.386,14.316505,-20.090897,-5.8090897,-1378.2566,179.62924,0.0
0.38700002,14.294395,-20.07737,-5.736249,-1385.8489,179.62924,0.0
0.388,14.320217,-20.115126,-5.6832185,-1403.0154,179.62924,0.0
0.38900003,14.316912,-20.09355,-5.7338076,-1394.4651,179.62924,0.0
0.39000002,14.302792,-20.11579,-5.6493654,-1390.1699,179.62924,0.0
0.39100003,14.274434,-20.139994,-5.7227244,-1406.4454,179.62924,0.0
0.39200002,14.333975,-20.123285,-5.714723,-1393.0422,179.62924,0.0
0.393,14.306973,-20.095434,-5.7463923,-1410.4978,179.62924,0.0
0.39400002,14.288394,-20.123018,-5.720511,-1392.2689,179.62924,0.0
0.395,14.277319,-20.129446,-5.757015,-1410.2626,179.62924,0.0
0.39600003,14.286328,-20.126009,-5.6972294,-1410.4972,179.62924,0.0
0.397,14.313938,-20.114708,-5.7140055,-1418.6927,179.62924,0.0
0.39800003,14.284198,-20.142073,-5.666295,-1413.7448,179.62924,0.0
0.39900002,14.283854,-20.131767,-5.706761,-1417.8846,179.62924,0.0
0.4,14.262627,-20.12068,-5.7155895,-1423.8047,179.62924,0.0
0.40100002,14.295888,-20.144728,-5.675023,-1435.3752,179.62924,0.0
0.402,14.307771,-20.14124,-5.6640954,-1416.2144,179.62924,0.0
0.40300003,14.304555,-20.165813,-5.6523066,-1425.476,179.62924,0.0
0.404,14.296766,-20.179087,-5.6774516,-1437.0331,179.62924,0.0
0.40500003,14.271387,-20.160204,-5.705566,-1440.0355,179.62924,0.0
0.40600002,14.2807255,-20.173704,-5.6372337,-1435.2705,179.62924,0.0
0.407,14.273613,-20.161926,-5.6322017,-1446.816,179.62924,0.0
0.40800002,14.278801,-20.179497,-5.6487446,-1453.2036,179.62924,0.0
0.409,14.294892,-20.18096,-5.659733,-1442.8597,179.62924,0.0
0.41000003,14.297907,-20.190823,-5.6651325,-1454.7091,179.62924,0.0
0.411,14.269563,-20.16818,-5.6228247,-1462.3347,179.62924,0.0
0.41200003,14.256802,-20.18114,-5.618134,-1460.3397,179.62924,0.0
0.41300002,14.298944,-20.17557,-5.5853467,-1462.1233,179.62924,0.0
0.41400003,14.267327,-20.17254,-5.644156,-1471.166,179.62924,0.0
0.41500002,14.263323,-20.196804,-5.6760726,-1470.9896,179.62924,0.0
0.416,14.255202,-20.189106,-5.574007,-1462.9727,179.62924,0.0
0.41700003,14.268073,-20.186552,-5.640229,-1482.4731,179.62924,0.0
0.418,14.271051,-20.186918,-5.6405125,-1463.9288,179.62924,0.0
0.41900003,14.277075,-20.212358,-5.610263,-1472.9442,179.62924,0.0
0.42000002,14.235377,-20.21838,-5.5954,-1488.6055,179.62924,0.0
0.42100003,14.254425,-20.232616,-5.56711,-1486.8418,179.62924,0.0
0.42200002,14.28483,-20.225134,-5.559365,-1483.8359,179.62924,0.0
0.423,14.247343,-20.205603,-5.5849423,-1481.1877,179.62924,0.0
0.42400002,14.223286,-20.220394,-5.5860877,-1502.1827,179.62924,0.0
0.425,14.240228,-20.216188,-5.593719,-1502.9055,179.62924,0.0
0.42600003,14.270013,-20.243208,-5.606071,-1498.101,179.62924,0.0
0.42700002,14.266115,-20.236427,-5.609215,-1497.712,179.62924,0.0
0.42800003,14.293606,-20.234325,-5.6088123,-1514.4274,179.62924,0.0
0.42900002,14.247404,-20.23208,-5.5846324,-1496.9597,179.62924,0.0
0.43,14.2674465,-20.226131,-5.631453,-1489.8756,179.62924,0.0
0.43100002,14.26709,-20.211714,-5.5944324,-1503.6599,179.62924,0.0
0.432,14.267148,-20.24531,-5.549852,-1525.0901,179.62924,0.0
0.43300003,14.243354,-20.237827,-5.578877,-1514.1969,179.62924,0.0
0.43400002,14.246815,-20.219105,-5.6476326,-1512.5029,179.62924,0.0
0.43500003,14.249404,-20.252213,-5.521565,-1526.0339,179.62924,0.0
0.43600002,14.253996,-20.276613,-5.555835,-1524.1686,179.62924,0.0
0.437,14.264621,-20.253317,-5.5324693,-1534.2737,179.62924,0.0
0.43800002,14.243888,-20.260279,-5.551317,-1528.4099,179.62924,0.0
0.439,14.258395,-20.26176,-5.55088,-1547.2216,179.62924,0.0
0.44000003,14.24551,-20.253284,-5.530965,-1548.5353,179.62924,0.0
0.441,14.24036,-20.262484,-5.5856757,-1540.4397,179.62924,0.0
0.44200003,14.242237,-20.268726,-5.5071797,-1535.1493,179.62924,0.0
0.44300002,14.219167,-20.262417,-5.510177,-1543.5885,179.62924,0.0
0.44400004,14.246767,-20.272099,-5.481025,-1549.4904,179.62924,0.0
0.44500002,14.252463,-20.291815,-5.512922,-1549.4889,179.62924,0.0
0.446,14.253192,-20.310482,-5.495489,-1541.9055,179.62924,0.0
0.44700003,14.255758,-20.28765,-5.472278,-1554.6632,179.62924,0.0
0.448,14.255571,-20.303257,-5.4967613,-1560.9253,179.62924,0.0
0.44900003,14.208394,-20.30155,-5.4919453,-1565.2137,179.62924,0.0
0.45000002,14.23801,-20.297714,-5.5583115,-1580.2067,179.62924,0.0
0.45100003,14.203456,-20.283201,-5.439716,-1566.3888,179.62924,0.0
0.45200002,14.239941,-20.322315,-5.403468,-1576.743,179.62924,0.0
0.453,14.231226,-20.300995,-5.449525,-1578.758,179.62924,0.0
0.45400003,14.233891,-20.294758,-5.47499,-1579.2224,179.62924,0.0
0.455,14.233322,-20.313118,-5.417534,-1578.8058,179.62924,0.0
0.45600003,14.222536,-20.316994,-5.4472356,-1581.5353,179.62924,0.0
0.45700002,14.242679,-20.335798,-5.4483976,-1583.5686,179.62924,0.0
0.45800003,14.187957,-20.3062,-5.4848247,-1587.6212,179.62924,0.0
0.45900002,14.229518,-20.329145,-5.4627714,-1584.2996,179.62924,0.0
0.46,14.233376,-20.33042,-5.3969927,-1595.4282,179.62924,0.0
0.46100003,14.1961975,-20.336075,-5.4634166,-1594.2938,179.62924,0.0
0.462,14.214964,-20.364656,-5.453552,-1599.1611,179.62924,0.0
0.46300003,14.217826,-20.34785,-5.430203,-1613.3268,179.62924,0.0
0.46400002,14.235099,-20.34139,-5.4079156,-1598.4698,179.62924,0.0
0.46500003,14.22069,-20.343819,-5.406014,-1602.8898,179.62924,0.0
0.46600002,14.225725,-20.351336,-5.3871484,-1626.7382,179.62924,0.0
0.467,14.229329,-20.362911,-5.4404144,-1609.7059,179.62924,0.0
0.46800002,14.2123995,-20.367569,-5.399299,-1614.8129,179.62924,0.0
0.469,14.200536,-20.364407,-5.422488,-1620.0155,179.62924,0.0
0.47000003,14.210475,-20.371246,-5.4133,-1619.8153,179.62924,0.0
0.47100002,14.202928,-20.361645,-5.346428,-1615.9988,179.62924,0.0
0.47200003,14.21042,-20.36521,-5.4375653,-1623.2467,179.62924,0.0
0.47300002,14.232111,-20.367588,-5.3748817,-1623.5723,179.62924,0.0
0.47400004,14.196083,-20.364927,-5.389107,-1640.7627,179.62924,0.0
0.47500002,14.196841,-20.39418,-5.4325447,-1635.9752,179.62924,0.0
0.476,14.222311,-20.373516,-5.349635,-1635.4487,179.62924,0.0
0.47700003,14.225731,-20.381195,-5.387639,-1644.9813,179.62924,0.0
0.47800002,14.19541,-20.391184,-5.362098,-1638.4493,179.62924,0.0
0.47900003,14.215181,-20.40201,-5.343375,-1641.6597,179.62924,0.0
0.48000002,14.229546,-20.360893,-5.406695,-1646.0684,179.62924,0.0
0.48100004,14.220297,-20.369806,-5.3732266,-1648.2858,179.62924,0.0
0.48200002,14.201147,-20.38325,-5.4500623,-1639.3473,179.62924,0.0
0.483,14.218206,-20.395664,-5.3252473,-1655.1211,179.62924,0.0
0.48400003,14.227387,-20.403008,-5.316436,-1653.6748,179.62924,0.0
0.485,14.210476,-20.40815,-5.384935,-1673.0594,179.62924,0.0
0.48600003,14.183753,-20.396042,-5.343242,-1664.6085,179.62924,0.0
0.48700002,14.197779,-20.388426,-5.3830714,-1666.2461,179.62924,0.0
0.48800004,14.196009,-20.403515,-5.3960376,-1666.0714,179.62924,0.0
0.48900002,14.218078,-20.405317,-5.329561,-1674.2211,179.62924,0.0
0.49,14.1791725,-20.405848,-5.3275776,-1665.8636,179.62924,0.0
0.49100003,14.217201,-20.426682,-5.3226542,-1674.778,179.62924,0.0
0.492,14.201947,-20.425766,-5.3362536,-1675.9028,179.62924,0.0
0.49300003,14.179124,-20.415136,-5.3546205,-1679.8865,179.62924,0.0
0.49400002,14.217191,-20.423992,-5.3004284,-1688.4468,179.62924,0.0
0.49500003,14.183328,-20.410223,-5.3545046,-1687.4835,179.62924,0.0
0.49600002,14.180275,-20.435482,-5.317904,-1687.7526,179.62924,0.0
0.497,14.1947775,-20.442123,-5.337967,-1688.7445,179.62924,0.0
0.49800003,14.179737,-20.434563,-5.3556967,-1694.0687,179.62924,0.0
0.499,14.189309,-20.421803,-5.3056803,-1709.7104,179.62924,0.0
0.5,14.195112,-20.430069,-5.313648,-1700.3646,179.62924,0.0
0.501,14.179911,-20.429146,-5.304316,-1706.124,179.62924,0.0
0.502,14.1738825,-20.449295,-5.3174586,-1700.8527,179.62924,0.0
0.50299996,14.214294,-20.454554,-5.327252,-1708.1718,179.62924,0.0
0.504,14.172795,-20.445005,-5.276044,-1710.3984,179.62924,0.0
0.505,14.232885,-20.459692,-5.3081884,-1699.8998,179.62924,0.0
0.506,14.169966,-20.457708,-5.2757435,-1721.5353,179.62924,0.0
0.50699997,14.194605,-20.47414,-5.288168,-1717.1777,179.62924,0.0
0.508,14.168787,-20.449007,-5.2334933,-1730.1223,179.62924,0.0
0.509,14.213235,-20.462236,-5.268383,-1726.073,179.62924,0.0
0.51,14.173667,-20.474617,-5.240143,-1727.5215,179.62924,0.0
0.511,14.158951,-20.46945,-5.225528,-1737.126,179.62924,0.0
0.51199996,14.184439,-20.489056,-5.282501,-1736.249,179.62924,0.0
0.513,14.185583,-20.479618,-5.2703466,-1734.0284,179.62924,0.0
0.514,14.160444,-20.481888,-5.243902,-1729.3523,179.62924,0.0
0.515,14.169839,-20.470665,-5.2655115,-1745.5906,179.62924,0.0
0.516,14.192241,-20.491844,-5.30698,-1756.7412,179.62924,0.0
0.517,14.187388,-20.51903,-5.272398,-1741.4244,179.62924,0.0
0.518,14.18307,-20.51589,-5.2578373,-1760.881,179.62924,0.0
0.519,14.203132,-20.511625,-5.271419,-1750.8822,179.62924,0.0
0.52,14.184117,-20.49677,-5.2564597,-1748.3561,179.62924,0.0
0.52099997,14.154709,-20.498423,-5.2193413,-1773.1556,179.62924,0.0
0.522,14.165737,-20.498003,-5.2103515,-1768.8336,179.62924,0.0
0.523,14.147214,-20.491888,-5.2289214,-1769.2007,179.62924,0.0
0.524,14.149483,-20.527792,-5.2518725,-1773.9994,179.62924,0.0
0.525,14.162037,-20.488813,-5.1910424,-1770.7194,179.62924,0.0
0.52599996,14.160696,-20.51127,-5.19209,-1761.43,179.62924,0.0
0.527,14.170748,-20.515427,-5.169786,-1764.3413,179.62924,0.0
0.528,14.178229,-20.52323,-5.2459617,-1777.9781,179.62924,0.0
0.529,14.183549,-20.512175,-5.197643,-1759.9109,179.62924,0.0
0.53,14.177551,-20.515875,-5.245873,-1776.3718,179.62924,0.0
0.531,14.1394825,-20.547102,-5.1694064,-1777.32,179.62924,0.0
0.532,14.140035,-20.507986,-5.2611885,-1785.8488,179.62924,0.0
0.533,14.141443,-20.506819,-5.183502,-1771.8085,179.62924,0.0
0.534,14.1431265,-20.521265,-5.211156,-1781.0717,179.62924,0.0
0.53499997,14.164339,-20.527218,-5.185758,-1808.9202,179.62924,0.0
0.536,14.153201,-20.556473,-5.1995063,-1804.6779,179.62924,0.0
0.537,14.178717,-20.53898,-5.14689,-1799.5697,179.62924,0.0
0.538,14.164448,-20.564367,-5.169201,-1800.939,179.62924,0.0
0.539,14.153207,-20.592392,-5.2341805,-1794.2161,179.62924,0.0
0.53999996,14.158893,-20.543926,-5.1345553,-1806.1371,179.62924,0.0
0.541,14.150184,-20.554771,-5.219158,-1812.2689,179.62924,0.0
0.542,14.164883,-20.541433,-5.1691084,-1805.4467,179.62924,0.0
0.543,14.137283,-20.566936,-5.192199,-1810.2809,179.62924,0.0
0.54399997,14.118313,-20.573456,-5.143576,-1822.1613,179.62924,0.0
0.545,14.14298,-20.532719,-5.10899,-1819.8824,179.62924,0.0
0.546,14.149322,-20.541035,-5.174066,-1823.0974,179.62924,0.0
0.547,14.141695,-20.573484,-5.205457,-1833.506,179.62924,0.0
0.548,14.140849,-20.579966,-5.191187,-1821.5668,179.62924,0.0
0.54899997,14.147649,-20.560074,-5.152003,-1828.8772,179.62924,0.0
0.55,14.120586,-20.570286,-5.124297,-1836.9935,179.62924,0.0
0.551,14.123967,-20.574804,-5.1607485,-1833.9362,179.62924,0.0
0.552,14.156955,-20.578978,-5.1097274,-1843.5148,179.62924,0.0
0.553,14.179818,-20.590755,-5.089909,-1849.0896,179.62924,0.0
0.554,14.14365,-20.576149,-5.17404,-1843.2401,179.62924,0.0
0.555,14.1328945,-20.581553,-5.030823,-1856.3877,179.62924,0.0
0.556,14.160369,-20.600498,-5.127527,-1848.2114,179.62924,0.0
0.557,14.138214,-20.575872,-5.1133347,-1850.9755,179.62924,0.0
0.55799997,14.165585,-20.589594,-5.1451297,-1871.1948,179.62924,0.0
0.559,14.118776,-20.595022,-5.1394196,-1868.3213,179.62924,0.0
0.56,14.123981,-20.59082,-5.090847,-1857.1215,179.62924,0.0
0.561,14.115402,-20.601944,-5.1362467,-1860.3225,179.62924,0.0
0.562,14.108062,-20.591806,-5.0765686,-1865.6974,179.62924,0.0
0.56299996,14.151904,-20.593386,-5.161122,-1866.8295,179.62924,0.0
0.564,14.137223,-20.607738,-5.1480584,-1872.8136,179.62924,0.0
0.565,14.152393,-20.594936,-5.098974,-1869.3573,179.62924,0.0
0.566,14.149071,-20.606142,-5.097451,-1877.4878,179.62924,0.0
0.567,14.140055,-20.618362,-5.0810146,-1883.0754,179.62924,0.0
0.568,14.122922,-20.598318,-5.0643024,-1870.2568,179.62924,0.0
0.569,14.145222,-20.583536,-5.0935345,-1888.2772,179.62924,0.0
0.57,14.121726,-20.621675,-5.131154,-1877.3354,179.62924,0.0
0.571,14.112532,-20.622269,-5.0217056,-1887.7786,179.62924,0.0
0.57199997,14.13269,-20.628984,-5.0368447,-1898.1606,179.62924,0.0
0.573,14.123511,-20.627125,-5.078779,-1899.4408,179.62924,0.0
0.574,14.1121,-20.635632,-4.9911833,-1906.6227,179.62924,0.0
0.575,14.128033,-20.652508,-5.1123805,-1901.1124,179.62924,0.0
0.576,14.105786,-20.628103,-5.0784006,-1901.7288,179.62924,0.0
0.577,14.1338825,-20.644857,-5.057538,-1907.1357,179.62924,0.0
0.578,14.110769,-20.615385,-5.046368,-1917.9459,179.62924,0.0
0.579,14.140095,-20.64078,-4.989027,-1913.7312,179.62924,0.0
0.58,14.13125,-20.614246,-5.041033,-1898.0378,179.62924,0.0
0.581,14.100802,-20.649647,-5.0640593,-1919.1158,179.62924,0.0
0.582,14.1089,-20.635561,-5.099657,-1919.2826,179.62924,0.0
0.583,14.102874,-20.623066,-5.08933,-1922.3894,179.62924,0.0
0.584,14.121306,-20.641493,-5.065239,-1924.4541,179.62924,0.0
0.585,14.110929,-20.668056,-5.071466,-1917.319,179.62924,0.0
0.58599997,14.14618,-20.63821,-5.062955,-1930.6716,179.62924,0.0
0.587,14.123315,-20.669327,-4.990658,-1929.6034,179.62924,0.0
0.588,14.101629,-20.632801,-5.025258,-1933.1499,179.62924,0.0
0.589,14.111934,-20.640518,-5.039739,-1939.7487,179.62924,0.0
0.59,14.113721,-20.659105,-5.001198,-1938.7599,179.62924,0.0
0.591,14.106647,-20.677599,-5.002875,-1935.5837,179.62924,0.0
0.592,14.111078,-20.657986,-5.0397167,-1940.6804,179.62924,0.0
0.593,14.129699,-20.66956,-5.0143723,-1944.1007,179.62924,0.0
0.594,14.110764,-20.685669,-4.994597,-1944.3264,179.62924,0.0
0.59499997,14.109038,-20.689604,-5.0274067,-1948.166,179.62924,0.0
0.596,14.131711,-20.659338,-5.0161304,-1937.5883,179.62924,0.0
0.597,14.119372,-20.682962,-5.0293303,-1951.4296,179.62924,0.0
0.598,14.1117,-20.669893,-5.00937,-1953.0044,179.62924,0.0
0.599,14.129568,-20.685755,-5.019577,-1962.9557,179.62924,0.0
0.59999996,14.122268,-20.680946,-5.005237,-1965.181,179.62924,0.0
0.601,14.067853,-20.701216,-5.046646,-1967.828,179.62924,0.0
0.602,14.090889,-20.69207,-4.994924,-1956.0212,179.62924,0.0
0.603,14.074952,-20.670221,-5.0068884,-1976.8844,179.62924,0.0
0.604,14.11178,-20.681322,-4.9626255,-1964.3115,179.62924,0.0
0.605,14.092047,-20.6978,-4.9577193,-1987.8268,179.62924,0.0
0.606,14.081755,-20.702448,-5.0187373,-1983.5469,179.62924,0.0
0.607,14.089761,-20.71273,-5.0372076,-1978.6727,179.62924,0.0
0.608,14.081371,-20.685562,-5.0338964,-1970.3607,179.62924,0.0
0.60899997,14.098773,-20.713718,-4.9546523,-1991.9432,179.62924,0.0
0.61,14.089355,-20.694988,-5.018203,-1980.9922,179.62924,0.0
0.611,14.097477,-20.70805,-4.971942,-2001.9354,179.62924,0.0
0.612,14.095272,-20.719736,-4.938041,-1976.3989,179.62924,0.0
0.613,14.089329,-20.738953,-4.923607,-1988.928,179.62924,0.0
0.614,14.090485,-20.720058,-4.9775515,-1993.0276,179.62924,0.0
0.615,14.096725,-20.732456,-4.9392557,-1988.3519,179.62924,0.0
0.616,14.092033,-20.717182,-4.919495,-1991.5702,179.62924,0.0
0.617,14.10726,-20.705416,-4.956012,-2003.6124,179.62924,0.0
0.618,14.094407,-20.739836,-4.9468317,-2005.6852,179.62924,0.0
0.619,14.094297,-20.726166,-4.9426727,-2002.9255,179.62924,0.0
0.62,14.097994,-20.72305,-4.961024,-2006.0044,179.62924,0.0
0.621,14.067756,-20.734745,-4.9319324,-2007.3132,179.62924,0.0
0.622,14.045488,-20.74781,-4.94996,-2019.9606,179.62924,0.0
0.62299997,14.079631,-20.719877,-4.918514,-2026.9615,179.62924,0.0
0.624,14.097276,-20.734814,-4.9808135,-2008.5428,179.62924,0.0
0.625,14.070005,-20.738092,-4.9398675,-2027.5874,179.62924,0.0
0.626,14.09102,-20.716114,-4.9430785,-2028.903,179.62924,0.0
0.627,14.0844345,-20.75938,-4.908158,-2031.1097,179.62924,0.0
0.628,14.07885,-20.725582,-4.9248505,-2040.3727,179.62924,0.0
0.629,14.070887,-20.751638,-4.9241314,-2033.0577,179.62924,0.0
0.63,14.080164,-20.749813,-4.943315,-2023.6056,179.62924,0.0
0.631,14.067318,-20.772413,-4.935119,-2051.8425,179.62924,0.0
0.63199997,14.063188,-20.752188,-4.8630714,-2050.4426,179.62924,0.0
0.633,14.087609,-20.780293,-4.967138,-2039.1091,179.62924,0.0
0.634,14.071976,-20.740686,-4.912079,-2040.8014,179.62924,0.0
0.635,14.088926,-20.75557,-4.9047203,-2053.206,179.62924,0.0
0.636,14.075749,-20.769674,-4.893592,-2061.7224,179.62924,0.0
0.637,14.0954685,-20.784996,-4.911881,-2052.0085,179.62924,0.0
0.638,14.089545,-20.785536,-4.925988,-2055.2134,179.62924,0.0
0.639,14.07576,-20.787113,-4.8748603,-2062.5718,179.62924,0.0
0.64,14.08419,-20.771385,-4.85111,-2072.219,179.62924,0.0
0.641,14.066924,-20.774511,-4.891024,-2059.4832,179.62924,0.0
0.642,14.056066,-20.75152,-4.892408,-2065.3005,179.62924,0.0
0.643,14.07012,-20.782103,-4.89633,-2079.2935,179.62924,0.0
0.644,14.063523,-20.810776,-4.856313,-2084.261,179.62924,0.0
0.645,14.071491,-20.784248,-4.8500495,-2070.1614,179.62924,0.0
0.64599997,14.076471,-20.788532,-4.9007063,-2078.2295,179.62924,0.0
0.647,14.061007,-20.781872,-4.8706255,-2077.4119,179.62924,0.0
0.648,14.055715,-20.812904,-4.8882384,-2086.0974,179.62924,0.0
0.649,14.0796995,-20.783018,-4.847679,-2089.4243,179.62924,0.0
0.65,14.071829,-20.790209,-4.938468,-2085.9216,179.62924,0.0
0.651,14.053847,-20.788042,-4.861055,-2093.2039,179.62924,0.0
0.652,14.044295,-20.823286,-4.8217435,-2078.5073,179.62924,0.0
0.653,14.058195,-20.823381,-4.857799,-2099.8745,179.62924,0.0
0.654,14.061852,-20.800253,-4.864051,-2103.807,179.62924,0.0
0.655,14.058596,-20.824392,-4.842064,-2094.7664,179.62924,0.0
0.656,14.041812,-20.804804,-4.863587,-2110.14,179.62924,0.0
0.657,14.05538,-20.791693,-4.860875,-2104.4336,179.62924,0.0
0.658,14.04333,-20.807678,-4.827614,-2102.5837,179.62924,0.0
0.659,14.069144,-20.785295,-4.8910093,-2104.2002,179.62924,0.0
0.66,14.040372,-20.811638,-4.843039,-2111.1821,179.62924,0.0
0.661,14.063973,-20.824984,-4.837175,-2126.7866,179.62924,0.0
0.662,14.070908,-20.829788,-4.7948117,-2120.3145,179.62924,0.0
0.663,14.06039,-20.811354,-4.883815,-2113.7546,179.62924,0.0
0.664,14.041517,-20.826353,-4.831584,-2123.0623,179.62924,0.0
0.665,14.056389,-20.830484,-4.799688,-2126.3257,179.62924,0.0
0.666,14.047366,-20.828241,-4.7964177,-2136.8865,179.62924,0.0
0.667,14.056538,-20.811184,-4.828179,-2125.781,179.62924,0.0
0.668,14.042416,-20.827238,-4.828399,-2123.5288,179.62924,0.0
0.66899997,14.0613,-20.821976,-4.837319,-2133.3035,179.62924,0.0
0.67,14.0494995,-20.820435,-4.8252673,-2138.1921,179.62924,0.0
0.671,14.040543,-20.839151,-4.832545,-2137.5332,179.62924,0.0
0.672,14.04485,-20.834764,-4.845838,-2148.045,179.62924,0.0
0.673,14.045544,-20.822554,-4.858882,-2152.4026,179.62924,0.0
0.674,14.055154,-20.848665,-4.798271,-2149.1343,179.62924,0.0
0.675,14.024452,-20.833565,-4.793186,-2151.128,179.62924,0.0
0.676,14.05531,-20.823343,-4.786557,-2143.7673,179.62924,0.0
0.677,14.047987,-20.871798,-4.802224,-2147.9614,179.62924,0.0
0.678,14.030293,-20.860233,-4.8077602,-2150.306,179.62924,0.0
0.679,14.082015,-20.84222,-4.739083,-2152.192,179.62924,0.0
0.68,14.04789,-20.84914,-4.803071,-2168.8857,179.62924,0.0
0.681,14.043244,-20.856602,-4.780886,-2165.2131,179.62924,0.0
0.682,14.055784,-20.859705,-4.766673,-2162.6062,179.62924,0.0
0.68299997,14.039291,-20.845413,-4.7752614,-2155.6013,179.62924,0.0
0.684,14.05272,-20.864468,-4.767586,-2173.1724,179.62924,0.0
0.685,14.050844,-20.88763,-4.7675333,-2171.3022,179.62924,0.0
0.686,14.044146,-20.852932,-4.743527,-2173.462,179.62924,0.0
0.687,14.034112,-20.87997,-4.752208,-2179.757,179.62924,0.0
0.688,14.013513,-20.869318,-4.7808075,-2182.053,179.62924,0.0
0.689,14.047883,-20.873688,-4.779825,-2173.3088,179.62924,0.0
0.69,14.044618,-20.865974,-4.766009,-2178.7844,179.62924,0.0
0.691,14.014284,-20.879616,-4.7103605,-2180.574,179.62924,0.0
0.692,14.02132,-20.88396,-4.800417,-2184.7065,179.62924,0.0
0.693,14.0209,-20.886417,-4.7776628,-2182.9119,179.62924,0.0
0.694,14.032325,-20.861689,-4.7167344,-2194.7964,179.62924,0.0
0.695,14.034067,-20.88124,-4.7641335,-2204.5847,179.62924,0.0
0.696,14.038584,-20.87952,-4.746904,-2201.7488,179.62924,0.0
0.697,14.044025,-20.87156,-4.7840133,-2193.5762,179.62924,0.0
0.698,14.042129,-20.8557,-4.7378116,-2197.336,179.62924,0.0
0.699,14.045357,-20.86235,-4.6944604,-2205.297,179.62924,0.0
0.7,14.030681,-20.887302,-4.7268367,-2214.642,179.62924,0.0
0.701,14.013868,-20.874044,-4.7701983,-2208.9614,179.62924,0.0
0.702,14.016849,-20.906214,-4.8198686,-2204.2598,179.62924,0.0
0.703,14.015959,-20.894043,-4.7305455,-2219.584,179.62924,0.0
0.704,14.020739,-20.892252,-4.731458,-2211.4011,179.62924,0.0
0.705,14.010165,-20.896263,-4.6776056,-2207.0923,179.62924,0.0
0.706,14.043928,-20.889769,-4.6778736,-2219.8293,179.62924,0.0
0.707,14.015643,-20.920916,-4.734383,-2223.3923,179.62924,0.0
0.708,14.013452,-20.907507,-4.7152557,-2228.8767,179.62924,0.0
0.709,14.00402,-20.915562,-4.681174,-2235.1895,179.62924,0.0
0.71,14.03391,-20.903244,-4.71598,-2230.2537,179.62924,0.0
0.711,14.007472,-20.912628,-4.7046747,-2233.8564,179.62924,0.0
0.712,14.011178,-20.92399,-4.70002,-2234.3489,179.62924,0.0
0.713,14.00462,-20.905758,-4.7379513,-2235.9514,179.62924,0.0
0.714,13.996977,-20.927788,-4.698295,-2246.1938,179.62924,0.0
0.715,14.044724,-20.89218,-4.7297015,-2258.4626,179.62924,0.0
0.716,14.01205,-20.920828,-4.7298784,-2249.7258,179.62924,0.0
0.717,13.992412,-20.944021,-4.677433,-2239.7776,179.62924,0.0
0.718,14.001491,-20.917006,-4.6948752,-2251.5696,179.62924,0.0
0.719,13.992283,-20.934727,-4.7082314,-2259.865,179.62924,0.0
0.72,14.017081,-20.93188,-4.672327,-2253.2612,179.62924,0.0
0.721,14.022209,-20.930769,-4.730177,-2267.9082,179.62924,0.0
0.722,13.994602,-20.955894,-4.6990037,-2253.5725,179.62924,0.0
0.723,13.995097,-20.92524,-4.6811247,-2267.5637,179.62924,0.0
0.724,14.010834,-20.936966,-4.6573853,-2274.0918,179.62924,0.0
0.725,14.02656,-20.925674,-4.692524,-2274.468,179.62924,0.0
0.726,13.995644,-20.937653,-4.665094,-2264.638,179.62924,0.0
0.727,13.989814,-20.925524,-4.6707654,-2275.2422,179.62924,0.0
0.728,14.021545,-20.939314,-4.6921606,-2267.7805,179.62924,0.0
0.729,14.023032,-20.953505,-4.667239,-2281.8577,179.62924,0.0
0.73,14.008303,-20.96486,-4.6889324,-2289.6262,179.62924,0.0
0.731,14.013366,-20.955738,-4.661048,-2286.182,179.62924,0.0
0.732,14.004544,-20.954344,-4.7109146,-2295.5015,179.62924,0.0
0.733,14.015209,-20.963602,-4.646144,-2278.0078,179.62924,0.0
0.734,14.009163,-20.973772,-4.658995,-2298.4192,179.62924,0.0
0.735,14.011754,-20.952103,-4.6488156,-2288.0156,179.62924,0.0
0.736,14.028101,-20.942955,-4.6676836,-2296.8435,179.62924,0.0
0.737,13.985349,-20.946081,-4.6590543,-2301.3733,179.62924,0.0
0.738,13.994113,-20.974176,-4.6468673,-2299.7131,179.62924,0.0
0.739,13.988601,-20.957775,-4.6728454,-2307.6414,179.62924,0.0
0.74,14.003916,-20.973337,-4.6740055,-2307.2688,179.62924,0.0
0.741,13.984231,-20.978107,-4.687824,-2294.8918,179.62924,0.0
0.742,14.006358,-20.937757,-4.6093473,-2308.349,179.62924,0.0
0.74300003,13.988444,-20.964245,-4.6575937,-2311.379,179.62924,0.0
0.744,14.0099325,-20.991673,-4.653197,-2299.1091,179.62924,0.0
0.745,14.0085,-20.982265,-4.6017046,-2315.8398,179.62924,0.0
0.746,14.0040455,-20.985323,-4.575519,-2312.6929,179.62924,0.0
0.747,13.994732,-20.971367,-4.5889764,-2317.0105,179.62924,0.0
0.748,13.99408,-20.975853,-4.6576705,-2329.438,179.62924,0.0
0.749,13.999338,-20.970186,-4.6188083,-2321.7637,179.62924,0.0
0.75,13.9998455,-20.962948,-4.593568,-2322.2896,179.62924,0.0
0.751,13.995758,-20.980661,-4.6097836,-2320.4927,179.62924,0.0
0.752,13.975572,-20.985342,-4.630729,-2337.3005,179.62924,0.0
0.753,13.992975,-20.98551,-4.607715,-2346.7952,179.62924,0.0
0.754,13.99229,-20.96759,-4.6181273,-2356.4163,179.62924,0.0
0.755,13.984464,-20.963985,-4.6288705,-2351.8657,179.62924,0.0
0.756,14.003079,-20.995783,-4.6231833,-2342.8472,179.62924,0.0
0.757,13.986954,-20.982601,-4.587231,-2343.2358,179.62924,0.0
0.758,13.987953,-21.003412,-4.633678,-2343.4111,179.62924,0.0
0.759,13.973382,-21.024319,-4.6083026,-2362.2744,179.62924,0.0
0.76,14.003788,-21.00179,-4.585871,-2346.2332,179.62924,0.0
0.761,13.980045,-20.992395,-4.6301513,-2369.865,179.62924,0.0
0.762,13.996275,-20.981869,-4.6082554,-2354.9175,179.62924,0.0
0.763,13.974235,-20.99524,-4.575576,-2373.0103,179.62924,0.0
0.764,13.984596,-21.029545,-4.560441,-2356.2888,179.62924,0.0
0.765,13.960041,-21.015574,-4.6075706,-2371.9194,179.62924,0.0
0.766,13.985,-20.99236,-4.6518817,-2358.7388,179.62924,0.0
0.767,14.000077,-21.013538,-4.6047416,-2370.8713,179.62924,0.0
0.768,13.965567,-21.007524,-4.5651917,-2375.4607,179.62924,0.0
0.769,13.97176,-21.001831,-4.5664287,-2369.9587,179.62924,0.0
0.77,13.990647,-21.00876,-4.5703115,-2363.2263,179.62924,0.0
0.771,13.9507475,-21.009907,-4.6183023,-2377.1958,179.62924,0.0
0.772,13.959183,-21.015556,-4.5590954,-2391.2085,179.62924,0.0
0.773,13.986087,-21.017546,-4.5499215,-2378.1018,179.62924,0.0
0.774,13.966833,-21.020744,-4.5789595,-2374.9104,179.62924,0.0
0.775,13.9866295,-21.014124,-4.5615907,-2388.324,179.62924,0.0
0.776,13.983979,-21.025185,-4.5551524,-2385.8801,179.62924,0.0
0.777,13.987414,-21.016304,-4.5603337,-2390.462,179.62924,0.0
0.778,14.00352,-21.035929,-4.5843654,-2404.193,179.62924,0.0
0.779,13.963117,-21.019459,-4.5496144,-2396.681,179.62924,0.0
0.78000003,13.976344,-21.04447,-4.5727544,-2400.2454,179.62924,0.0
0.781,13.9723425,-21.036188,-4.555496,-2402.763,179.62924,0.0
0.782,13.995307,-21.014877,-4.560405,-2398.4521,179.62924,0.0
0.783,13.977576,-21.014444,-4.5575824,-2418.4312,179.62924,0.0
0.784,13.978672,-21.03687,-4.555027,-2414.8892,179.62924,0.0
0.785,13.967511,-21.023134,-4.541307,-2416.3188,179.62924,0.0
0.786,13.979596,-21.036852,-4.552241,-2410.3958,179.62924,0.0
0.787,13.957593,-21.03824,-4.4935203,-2417.448,179.62924,0.0
0.788,13.958021,-21.056122,-4.513265,-2410.433,179.62924,0.0
0.789,13.949274,-21.068184,-4.519343,-2401.179,179.62924,0.0
0.79,13.978886,-21.036602,-4.554297,-2408.9126,179.62924,0.0
0.791,13.966876,-21.035559,-4.580865,-2418.7087,179.62924,0.0
0.792,13.977173,-21.04986,-4.541672,-2422.4497,179.62924,0.0
0.793,13.938901,-21.069416,-4.567429,-2425.8123,179.62924,0.0
0.794,13.954391,-21.046064,-4.4975853,-2426.2534,179.62924,0.0
0.795,13.928776,-21.074408,-4.4986706,-2427.1814,179.62924,0.0
0.796,13.963095,-21.079494,-4.523809,-2434.7278,179.62924,0.0
0.797,13.976408,-21.07818,-4.538851,-2440.9468,179.62924,0.0
0.798,13.931398,-21.044832,-4.5247865,-2435.8118,179.62924,0.0
0.799,13.948607,-21.062422,-4.498295,-2438.0132,179.62924,0.0
0.8,13.950576,-21.055456,-4.4275146,-2446.5977,179.62924,0.0
0.801,13.984043,-21.069809,-4.4460173,-2444.0493,179.62924,0.0
0.802,13.937133,-21.055904,-4.5341754,-2443.8381,179.62924,0.0
0.80300003,13.992313,-21.073383,-4.526147,-2451.349,179.62924,0.0
0.804,13.9625,-21.075518,-4.4979877,-2448.3752,179.62924,0.0
0.805,13.95003,-21.05888,-4.473115,-2466.39,179.62924,0.0
0.806,13.962227,-21.066929,-4.554004,-2455.4263,179.62924,0.0
0.807,13.950375,-21.06758,-4.518285,-2461.8176,179.62924,0.0
0.808,13.954324,-21.066824,-4.508167,-2456.4753,179.62924,0.0
0.809,13.963352,-21.064224,-4.437106,-2466.0107,179.62924,0.0
0.81,13.934782,-21.071283,-4.5227265,-2475.3403,179.62924,0.0
0.811,13.980858,-21.083208,-4.5371203,-2447.2473,179.62924,0.0
0.812,13.956366,-21.111542,-4.4898868,-2476.3315,179.62924,0.0
0.813,13.960727,-21.092167,-4.485934,-2465.1968,179.62924,0.0
0.814,13.948461,-21.078148,-4.498423,-2474.6653,179.62924,0.0
0.815,13.95742,-21.088644,-4.464605,-2453.5254,179.62924,0.0
0.816,13.94634,-21.082676,-4.4890776,-2477.5593,179.62924,0.0
0.81700003,13.945409,-21.096638,-4.499301,-2477.188,179.62924,0.0
0.818,13.952662,-21.080929,-4.466468,-2486.0688,179.62924,0.0
0.819,13.961324,-21.089859,-4.5038714,-2484.2065,179.62924,0.0
0.82,13.956546,-21.074581,-4.4194107,-2488.9146,179.62924,0.0
0.821,13.951959,-21.082613,-4.5175595,-2506.1123,179.62924,0.0
0.822,13.947609,-21.069052,-4.4627714,-2493.4785,179.62924,0.0
0.823,13.935902,-21.101473,-4.40094,-2484.325,179.62924,0.0
0.824,13.933564,-21.109594,-4.4340672,-2492.023,179.62924,0.0
0.825,13.954662,-21.085405,-4.411197,-2502.2676,179.62924,0.0
0.826,13.95195,-21.097946,-4.4817405,-2495.2515,179.62924,0.0
0.827,13.953873,-21.114424,-4.465595,-2497.116,179.62924,0.0
0.828,13.93723,-21.079672,-4.4311504,-2502.6897,179.62924,0.0
0.829,13.951093,-21.11221,-4.4096375,-2512.329,179.62924,0.0
0.83,13.954177,-21.089714,-4.475807,-2518.5894,179.62924,0.0
0.83100003,13.933138,-21.109455,-4.4592295,-2512.2192,179.62924,0.0
0.832,13.949643,-21.131802,-4.454024,-2518.0535,179.62924,0.0
0.833,13.9455805,-21.130598,-4.4714355,-2515.087,179.62924,0.0
0.834,13.95436,-21.111656,-4.4497128,-2519.5112,179.62924,0.0
0.835,13.9661,-21.123804,-4.4523706,-2513.9597,179.62924,0.0
0.836,13.955471,-21.116362,-4.39301,-2515.4692,179.62924,0.0
0.837,13.920614,-21.12249,-4.418138,-2517.479,179.62924,0.0
0.838,13.956404,-21.128355,-4.4329143,-2528.4,179.62924,0.0
0.839,13.938438,-21.117357,-4.4555144,-2537.626,179.62924,0.0
0.84000003,13.929473,-21.108755,-4.4840846,-2519.4631,179.62924,0.0
0.841,13.944291,-21.127249,-4.443827,-2531.4995,179.62924,0.0
0.842,13.926586,-21.12398,-4.43678,-2534.8066,179.62924,0.0
0.843,13.9161415,-21.14107,-4.444955,-2546.264,179.62924,0.0
0.844,13.919782,-21.115776,-4.471967,-2539.3306,179.62924,0.0
0.845,13.94962,-21.12062,-4.423417,-2539.4604,179.62924,0.0
0.846,13.926209,-21.120098,-4.424166,-2550.921,179.62924,0.0
0.847,13.926757,-21.137173,-4.401691,-2539.4785,179.62924,0.0
0.848,13.920373,-21.146236,-4.426751,-2543.7056,179.62924,0.0
0.849,13.902666,-21.138521,-4.378764,-2548.7112,179.62924,0.0
0.85,13.943453,-21.139332,-4.4442053,-2542.2449,179.62924,0.0
0.851,13.934619,-21.16169,-4.433384,-2556.226,179.62924,0.0
0.852,13.921326,-21.12163,-4.4415884,-2557.922,179.62924,0.0
0.853,13.924583,-21.146425,-4.4119315,-2551.0022,179.62924,0.0
0.85400003,13.920837,-21.141941,-4.394793,-2559.9805,179.62924,0.0
0.855,13.921688,-21.155924,-4.396963,-2564.369,179.62924,0.0
0.856,13.932624,-21.15986,-4.376231,-2551.9226,179.62924,0.0
0.857,13.915162,-21.161352,-4.4383135,-2572.4636,179.62924,0.0
0.858,13.939676,-21.14315,-4.3663282,-2570.3335,179.62924,0.0
0.859,13.924267,-21.13578,-4.342545,-2585.0146,179.62924,0.0
0.86,13.916092,-21.141264,-4.410102,-2579.7205,179.62924,0.0
0.861,13.914793,-21.15225,-4.4057274,-2568.92,179.62924,0.0
0.862,13.918139,-21.169872,-4.4293137,-2574.2742,179.62924,0.0
0.86300004,13.912801,-21.146357,-4.453474,-2570.6187,179.62924,0.0
0.864,13.896429,-21.171469,-4.356582,-2591.7817,179.62924,0.0
0.865,13.915354,-21.155277,-4.4108677,-2595.1145,179.62924,0.0
0.866,13.93498,-21.160337,-4.406325,-2599.2202,179.62924,0.0
0.867,13.922521,-21.158669,-4.3935666,-2602.8828,179.62924,0.0
0.86800003,13.918145,-21.159033,-4.435886,-2589.899,179.62924,0.0
0.869,13.901084,-21.199743,-4.353644,-2600.1052,179.62924,0.0
0.87,13.91085,-21.178474,-4.4056435,-2600.941,179.62924,0.0
0.871,13.927572,-21.149263,-4.336876,-2613.162,179.62924,0.0
0.872,13.917894,-21.172506,-4.3596716,-2600.41,179.62924,0.0
0.873,13.914841,-21.174566,-4.3557305,-2598.0583,179.62924,0.0
0.874,13.92083,-21.16823,-4.3932624,-2613.7512,179.62924,0.0
0.875,13.909789,-21.15872,-4.3372993,-2612.3828,179.62924,0.0
0.876,13.912354,-21.1967,-4.351426,-2606.52,179.62924,0.0
0.87700003,13.898492,-21.172268,-4.3635507,-2623.9934,179.62924,0.0
0.878,13.934946,-21.182161,-4.367098,-2614.34,179.62924,0.0
0.879,13.923226,-21.151651,-4.427316,-2615.805,179.62924,0.0
0.88,13.920478,-21.163277,-4.347142,-2626.603,179.62924,0.0
0.881,13.930746,-21.156889,-4.4017863,-2611.9788,179.62924,0.0
0.882,13.944627,-21.192612,-4.352958,-2634.286,179.62924,0.0
0.883,13.915999,-21.184578,-4.3809657,-2637.298,179.62924,0.0
0.884,13.903297,-21.187847,-4.3286386,-2625.5647,179.62924,0.0
0.885,13.905838,-21.178091,-4.453342,-2633.3967,179.62924,0.0
0.88600004,13.930515,-21.170794,-4.3800397,-2640.0815,179.62924,0.0
0.887,13.890882,-21.181763,-4.395416,-2639.5452,179.62924,0.0
0.888,13.912823,-21.177198,-4.3186793,-2641.6802,179.62924,0.0
0.889,13.910221,-21.189447,-4.4156237,-2644.921,179.62924,0.0
0.89,13.901182,-21.19369,-4.321009,-2644.9822,179.62924,0.0
0.89100003,13.926772,-21.207327,-4.393953,-2635.2063,179.62924,0.0
0.892,13.921369,-21.212357,-4.3575125,-2645.6416,179.62924,0.0
0.893,13.931603,-21.186657,-4.4095926,-2657.1802,179.62924,0.0
0.894,13.914536,-21.222912,-4.3160625,-2648.384,179.62924,0.0
0.895,13.892134,-21.182283,-4.345183,-2653.018,179.62924,0.0
0.896,13.885719,-21.21657,-4.3205905,-2637.2751,179.62924,0.0
0.897,13.887189,-21.221804,-4.3557673,-2652.0762,179.62924,0.0
0.898,13.897779,-21.203136,-4.286664,-2666.1245,179.62924,0.0
0.899,13.905249,-21.206526,-4.353104,-2670.1475,179.62924,0.0
0.90000004,13.8872795,-21.189209,-4.2915144,-2657.5173,179.62924,0.0
0.901,13.900352,-21.21407,-4.3509083,-2671.805,179.62924,0.0
0.902,13.921896,-21.23396,-4.3621,-2651.727,179.62924,0.0
0.903,13.884019,-21.213783,-4.303887,-2664.521,179.62924,0.0
0.904,13.904761,-21.200354,-4.322717,-2678.7092,179.62924,0.0
0.90500003,13.9227495,-21.21581,-4.318371,-2674.5476,179.62924,0.0
0.906,13.88809,-21.206133,-4.3457575,-2673.4392,179.62924,0.0
0.907,13.901692,-21.188759,-4.32755,-2683.3354,179.62924,0.0
0.908,13.912742,-21.222364,-4.294086,-2680.683,179.62924,0.0
0.909,13.89144,-21.19392,-4.2759004,-2674.1897,179.62924,0.0
0.91,13.92272,-21.236242,-4.353817,-2700.0808,179.62924,0.0
0.911,13.8959465,-21.218214,-4.3359656,-2684.3682,179.62924,0.0
0.912,13.897664,-21.20992,-4.2429614,-2702.6545,179.62924,0.0
0.913,13.895194,-21.230135,-4.340329,-2706.8557,179.62924,0.0
0.91400003,13.875083,-21.218515,-4.3066626,-2693.269,179.62924,0.0
0.915,13.898334,-21.228716,-4.2561803,-2702.7092,179.62924,0.0
0.916,13.931687,-21.238863,-4.3305287,-2695.1724,179.62924,0.0
0.917,13.901856,-21.218287,-4.3016243,-2707.4702,179.62924,0.0
0.918,13.892094,-21.23253,-4.3127136,-2694.1323,179.62924,0.0
0.919,13.884431,-21.229393,-4.2630424,-2708.005,179.62924,0.0
0.92,13.904373,-21.228062,-4.227892,-2706.3848,179.62924,0.0
0.921,13.891384,-21.221603,-4.3316965,-2711.187,179.62924,0.0
0.922,13.8857,-21.252905,-4.2324023,-2707.687,179.62924,0.0
0.92300004,13.895519,-21.23219,-4.256686,-2713.8977,179.62924,0.0
0.924,13.889617,-21.234676,-4.2711096,-2718.2827,179.62924,0.0
0.925,13.8879385,-21.265068,-4.2924395,-2728.8596,179.62924,0.0
0.926,13.901157,-21.223425,-4.2655635,-2714.8582,179.62924,0.0
0.927,13.881196,-21.233242,-4.290619,-2729.6106,179.62924,0.0
0.92800003,13.856005,-21.260069,-4.263327,-2716.9182,179.62924,0.0
0.929,13.874111,-21.239536,-4.292153,-2730.4146,179.62924,0.0
0.93,13.900644,-21.250174,-4.2718153,-2715.4985,179.62924,0.0
0.931,13.897593,-21.248604,-4.30959,-2733.2212,179.62924,0.0
0.932,13.876243,-21.24946,-4.2032685,-2719.2793,179.62924,0.0
0.933,13.893276,-21.266556,-4.25908,-2731.1345,179.62924,0.0
0.934,13.88994,-21.242376,-4.250816,-2739.6335,179.62924,0.0
0.935,13.873306,-21.263735,-4.276453,-2752.1445,179.62924,0.0
0.936,13.895701,-21.261663,-4.3047543,-2724.852,179.62924,0.0
0.93700004,13.884106,-21.23774,-4.2720838,-2740.0596,179.62924,0.0
0.938,13.856333,-21.276974,-4.198104,-2740.1704,179.62924,0.0
0.939,13.895722,-21.259874,-4.2718515,-2743.2634,179.62924,0.0
0.94,13.868923,-21.270466,-4.246563,-2742.838,179.62924,0.0
0.941,13.895951,-21.288591,-4.298647,-2744.1357,179.62924,0.0
0.94200003,13.881376,-21.274145,-4.2316513,-2756.61,179.62924,0.0
0.943,13.864089,-21.251814,-4.242542,-2754.888,179.62924,0.0
0.944,13.893499,-21.26488,-4.265572,-2753.4404,179.62924,0.0
0.945,13.868577,-21.280796,-4.229791,-2773.9797,179.62924,0.0
0.94600004,13.8877735,-21.282223,-4.2134557,-2765.225,179.62924,0.0
0.947,13.875272,-21.253672,-4.258015,-2767.348,179.62924,0.0
0.948,13.887855,-21.298042,-4.255951,-2767.5942,179.62924,0.0
0.949,13.868704,-21.283474,-4.266968,-2760.2356,179.62924,0.0
0.95,13.867137,-21.27576,-4.2455487,-2773.1946,179.62924,0.0
0.95100003,13.858657,-21.296684,-4.233907,-2766.3513,179.62924,0.0
0.952,13.8814745,-21.280346,-4.182039,-2783.3264,179.62924,0.0
0.953,13.848169,-21.28372,-4.2140164,-2774.9822,179.62924,0.0
0.954,13.848563,-21.26752,-4.275872,-2777.644,179.62924,0.0
0.955,13.85548,-21.268862,-4.1989436,-2777.3752,179.62924,0.0
0.95600003,13.858301,-21.26995,-4.2226334,-2778.8699,179.62924,0.0
0.957,13.858393,-21.28447,-4.2127995,-2794.7031,179.62924,0.0
0.958,13.871622,-21.27542,-4.2258286,-2796.4792,179.62924,0.0
0.959,13.8717785,-21.295334,-4.195452,-2781.4758,179.62924,0.0
0.96000004,13.8730135,-21.27787,-4.2457013,-2795.1567,179.62924,0.0
0.961,13.872483,-21.292362,-4.184534,-2783.1587,179.62924,0.0
0.962,13.87179,-21.276018,-4.242821,-2796.412,179.62924,0.0
0.963,13.88392,-21.301134,-4.2782106,-2792.9338,179.62924,0.0
0.964,13.86557,-21.277199,-4.171022,-2796.405,179.62924,0.0
0.96500003,13.885675,-21.302212,-4.239955,-2811.7883,179.62924,0.0
0.966,13.87388,-21.291956,-4.1986365,-2801.6602,179.62924,0.0
0.967,13.864217,-21.296776,-4.2291436,-2807.5833,179.62924,0.0
0.968,13.846857,-21.321657,-4.1473684,-2820.3003,179.62924,0.0
0.969,13.890046,-21.276684,-4.1950254,-2817.3381,179.62924,0.0
0.97,13.872577,-21.302362,-4.2356725,-2811.2146,179.62924,0.0
0.971,13.8657,-21.279291,-4.186397,-2823.4146,179.62924,0.0
0.972,13.853781,-21.274338,-4.2010765,-2816.347,179.62924,0.0
0.973,13.886347,-21.324017,-4.264699,-2825.6077,179.62924,0.0
0.97400004,13.864292,-21.280003,-4.2911797,-2822.2112,179.62924,0.0
0.975,13.856464,-21.316273,-4.191777,-2817.667,179.62924,0.0
0.976,13.876323,-21.292776,-4.20647,-2817.6448,179.62924,0.0
0.977,13.846763,-21.286747,-4.223586,-2826.2363,179.62924,0.0
0.978,13.853699,-21.299557,-4.188793,-2835.0618,179.62924,0.0
0.97900003,13.851816,-21.309488,-4.2037644,-2822.072,179.62924,0.0
0.98,13.855716,-21.2972,-4.144061,-2841.398,179.62924,0.0
0.981,13.854805,-21.294916,-4.2011614,-2838.3137,179.62924,0.0
0.982,13.826358,-21.332727,-4.1672683,-2841.0964,179.62924,0.0
0.98300004,13.902053,-21.32707,-4.212628,-2844.1074,179.62924,0.0
0.984,13.885318,-21.318277,-4.1829095,-2847.9119,179.62924,0.0
0.985,13.868683,-21.305447,-4.1219916,-2858.742,179.62924,0.0
0.986,13.873824,-21.311417,-4.2433414,-2851.396,179.62924,0.0
0.987,13.879991,-21.33831,-4.1915016,-2848.173,179.62924,0.0
0.98800004,13.841151,-21.32756,-4.1676245,-2843.421,179.62924,0.0
0.989,13.855108,-21.315783,-4.1378465,-2850.845,179.62924,0.0
0.99,13.847377,-21.337734,-4.1754537,-2850.516,179.62924,0.0
0.991,13.860801,-21.35231,-4.188669,-2858.8228,179.62924,0.0
0.992,13.855498,-21.335354,-4.205038,-2862.408,179.62924,0.0
0.99300003,13.826712,-21.327131,-4.153344,-2873.8523,179.62924,0.0
0.994,13.857254,-21.320595,-4.108943,-2858.2122,179.62924,0.0
0.995,13.818367,-21.340942,-4.188845,-2852.4836,179.62924,0.0
0.996,13.85849,-21.338217,-4.1664567,-2872.3098,179.62924,0.0
0.99700004,13.852153,-21.330753,-4.1293173,-2861.1724,179.62924,0.0
0.998,13.8631935,-21.337893,-4.1131845,-2871.0461,179.62924,0.0
0.999,13.852621,-21.3316,-4.1624823,-2863.79,179.62924,0.0
